signal	chromosome	location_min	location_max	signal_strength	lead_variant
QTD000186_ENSG00000007341_L1	1	111620924	113619572	16.8341473362348	chr1_112540352_G_C
QTD000186_ENSG00000008128_L1	1	727034	2700309	22.4153635430209	chr1_1689221_G_A
QTD000186_ENSG00000057468_L1	1	74796896	76796864	13.6090567425467	chr1_75995529_G_A
QTD000186_ENSG00000058085_L1	1	182186843	184186139	30.1021727034152	chr1_183186170_G_A
QTD000186_ENSG00000067533_L1	1	217285373	219285122	38.5124886715179	chr1_218322724_T_C
QTD000186_ENSG00000084072_L1	1	38692268	40692028	21.2671545190976	chr1_39738050_T_C
QTD000186_ENSG00000084636_L1	1	30704428	32704316	15.4454015172435	chr1_31699458_C_T
QTD000186_ENSG00000085491_L1	1	107200954	109200545	17.377074598247	chr1_108194680_C_G
QTD000186_ENSG00000116745_L1	1	67449999	69449913	17.2674275838485	chr1_68438672_G_T
QTD000186_ENSG00000116791_L1	1	73733505	75733100	7.34153700129678	chr1_74708023_G_A
QTD000186_ENSG00000116791_L2	1	73733505	75733100	33.970066625307	chr1_74733615_C_G
QTD000186_ENSG00000116791_L3	1	73733505	75733100	23.0119148463028	chr1_74702183_G_A
QTD000186_ENSG00000116874_L1	1	118141129	120140488	49.0550393807343	chr1_119035043_G_T
QTD000186_ENSG00000116885_L1	1	35451060	37450417	18.7153095118332	chr1_36397066_T_C
QTD000186_ENSG00000117226_L1	1	88023199	90022709	150.576118195356	chr1_89006209_C_T
QTD000186_ENSG00000117748_L1	1	26915461	28913342	80.9290069626112	chr1_27914572_G_A
QTD000186_ENSG00000117834_L1	1	47224170	49221711	34.2548521354597	chr1_48270601_T_C
QTD000186_ENSG00000118197_L1	1	199669959	201669730	26.2646372031451	chr1_200672961_C_T
QTD000186_ENSG00000122218_L1	1	159343284	161342866	23.2021761793821	chr1_160193719_C_T
QTD000186_ENSG00000122432_L1	1	83506486	85506169	16.5022496506097	chr1_84517799_C_T
QTD000186_ENSG00000122481_L1	1	94234911	96233666	13.5183062378215	chr1_95164614_G_A
QTD000186_ENSG00000126698_L1	1	27233239	29232885	13.4749282407709	chr1_28275706_C_T
QTD000186_ENSG00000133067_L1	1	201194063	203193755	15.9357303048758	chr1_202216851_A_G
QTD000186_ENSG00000134184_L1	1	108695523	110686930	24.4461314214957	chr1_109708936_A_G
QTD000186_ENSG00000134184_L2	1	108695523	110686930	14.7506519754393	chr1_109673814_G_A
QTD000186_ENSG00000134184_L3	1	108695523	110686930	13.0919778080533	chr1_109635226_A_G
QTD000186_ENSG00000134201_L1	1	108712044	110709915	64.4393814301342	chr1_109712056_G_T
QTD000186_ENSG00000134201_L2	1	108712044	110709915	22.75985036092	chr1_109704188_G_A
QTD000186_ENSG00000134201_L3	1	108712044	110709915	10.2339695728812	chr1_109746233_G_A
QTD000186_ENSG00000134202_L1	1	108741310	110740897	105.762893260744	chr1_109741163_C_T
QTD000186_ENSG00000134202_L2	1	108741310	110740897	17.7009273229208	chr1_109711834_A_G
QTD000186_ENSG00000134202_L3	1	108741310	110740897	5.87909691402545	chr1_110485518_T_C
QTD000186_ENSG00000134744_L1	1	51553564	53553458	27.4577315128957	chr1_52330022_GATAAC_G
QTD000186_ENSG00000135773_L1	1	229748697	231747265	20.7837486960943	chr1_230794762_G_A
QTD000186_ENSG00000135773_L2	1	229748697	231747265	12.0119775199203	chr1_230833930_T_A
QTD000186_ENSG00000135778_L1	1	231950808	233948917	62.1259887057308	chr1_232955717_T_A
QTD000186_ENSG00000135778_L2	1	231950808	233948917	5.32209160884687	chr1_233017375_C_T
QTD000186_ENSG00000137944_L1	1	87992958	89991947	29.5154331986334	chr1_88947670_C_T
QTD000186_ENSG00000137944_L2	1	87992958	89991947	10.7922098563288	chr1_89078840_A_G
QTD000186_ENSG00000142632_L1	1	15212763	17212600	18.9163590489525	chr1_16200034_G_A
QTD000186_ENSG00000142675_L1	1	25177716	27177171	117.204742843225	chr1_26170849_A_C
QTD000186_ENSG00000142675_L2	1	25177716	27177171	15.2693921615622	chr1_26177927_G_A
QTD000186_ENSG00000142794_L1	1	20441031	22439965	206.417750189509	chr1_21460257_A_G
QTD000186_ENSG00000142794_L2	1	20441031	22439965	9.84628950776607	chr1_21489707_A_G
QTD000186_ENSG00000142856_L1	1	62594366	64593187	197.812983616243	chr1_63435757_T_A
QTD000186_ENSG00000143194_L1	1	165975595	167975405	56.8484314718336	chr1_166975691_C_A
QTD000186_ENSG00000143194_L2	1	165975595	167975405	12.8768181882113	chr1_166975572_C_G
QTD000186_ENSG00000143322_L1	1	178230079	180229592	23.1154958702558	chr1_179134710_GCCTCTC_G
QTD000186_ENSG00000143387_L1	1	149809698	151809236	20.3102012412415	chr1_150781119_G_A
QTD000186_ENSG00000143552_L1	1	153155404	155154472	88.8656547931316	chr1_153822475_G_A
QTD000186_ENSG00000143631_L1	1	151328177	153325026	15.4183876182891	chr1_152189172_T_G
QTD000186_ENSG00000143674_L1	1	232327969	234327477	52.1919097591133	chr1_233379229_G_T
QTD000186_ENSG00000143674_L2	1	232327969	234327477	6.20075353786469	chr1_233837838_G_A
QTD000186_ENSG00000143801_L1	1	225870277	227870060	26.5088206498644	chr1_226874905_G_T
QTD000186_ENSG00000153898_L1	1	83997445	85996772	15.1249018176289	chr1_84936559_A_C
QTD000186_ENSG00000156171_L1	1	110140335	112139974	23.8085688072689	chr1_111139496_C_T
QTD000186_ENSG00000156171_L2	1	110140335	112139974	9.61561722815115	chr1_110467039_C_T
QTD000186_ENSG00000157978_L1	1	24543766	26543119	17.4001716576937	chr1_25565468_G_A
QTD000186_ENSG00000158022_L1	1	25068642	27068022	19.4337983205885	chr1_26116109_C_A
QTD000186_ENSG00000159445_L1	1	150910334	152909326	37.4226302558925	chr1_151910350_C_T
QTD000186_ENSG00000160072_L1	1	502653	2471060	18.3410978628354	chr1_1531013_G_A
QTD000186_ENSG00000160072_L2	1	502653	2471060	9.69334592803672	chr1_1473089_T_C
QTD000186_ENSG00000162377_L1	1	51699553	53698181	15.525095209309	chr1_52693551_G_A
QTD000186_ENSG00000162383_L1	1	52143667	54142583	42.0851259792482	chr1_53144121_G_A
QTD000186_ENSG00000162461_L1	1	14736350	16733472	36.0297708002928	chr1_15734183_T_C
QTD000186_ENSG00000162494_L1	1	12514324	14513602	14.4476669522855	chr1_14336401_G_A
QTD000186_ENSG00000162620_L1	1	73198339	75198170	73.1652553449186	chr1_74212187_C_T
QTD000186_ENSG00000162669_L1	1	90405008	92404667	13.1550222007458	chr1_91371208_A_C
QTD000186_ENSG00000162669_L2	1	90405008	92404667	5.65687679464963	chr1_91648618_G_A
QTD000186_ENSG00000162782_L1	1	178592275	180591556	84.5720425990383	chr1_179588916_A_G
QTD000186_ENSG00000162836_L1	1	146670550	148649713	104.077091556431	chr1_147656899_G_A
QTD000186_ENSG00000162836_L2	1	146670550	148649713	9.40321268654258	chr1_147621273_TAAAAG_T
QTD000186_ENSG00000164002_L1	1	39509508	41508587	23.665185158559	chr1_40523948_C_T
QTD000186_ENSG00000169598_L1	1	2857488	4857208	21.1116198108454	chr1_3885454_T_C
QTD000186_ENSG00000169598_L2	1	2857488	4857208	8.48511411472052	chr1_3878952_G_T
QTD000186_ENSG00000169914_L1	1	18882450	20882359	20.671952137819	chr1_19848617_C_T
QTD000186_ENSG00000171806_L1	1	168795316	170794495	20.6002335928507	chr1_169830431_C_CTA
QTD000186_ENSG00000173409_L1	1	229980832	231978861	14.1061226065966	chr1_230926260_G_A
QTD000186_ENSG00000179639_L1	1	158290439	160288852	20.25149499256	chr1_159234143_A_G
QTD000186_ENSG00000182118_L1	1	230040526	232040033	16.2481274032634	chr1_231033248_C_T
QTD000186_ENSG00000183682_L1	1	38491791	40491183	15.6031801712375	chr1_39457212_C_G
QTD000186_ENSG00000183682_L2	1	38491791	40491183	7.19516806516323	chr1_38937110_G_C
QTD000186_ENSG00000184389_L1	1	32321994	34320608	16.2574731719338	chr1_33324895_G_A
QTD000186_ENSG00000186207_L1	1	151511501	153510467	13.0379886726069	chr1_152189630_A_G
QTD000186_ENSG00000186510_L1	1	15019545	17018618	18.1688495843292	chr1_16030006_G_A
QTD000186_ENSG00000187010_L1	1	24273292	26271790	205.14911079494	chr1_25235176_G_A
QTD000186_ENSG00000187815_L1	1	39477781	41476433	17.1543407147503	chr1_40476891_T_C
QTD000186_ENSG00000187815_L2	1	39477781	41476433	12.2947423104524	chr1_40473715_T_C
QTD000186_ENSG00000188672_L1	1	24430290	26429718	35.4485752119637	chr1_25341835_C_T
QTD000186_ENSG00000189171_L1	1	152631366	154630860	19.9254672853128	chr1_153629962_C_G
QTD000186_ENSG00000189339_L1	1	702040	2692540	42.3114772154504	chr1_1665581_C_G
QTD000186_ENSG00000196071_L1	1	247096127	248945104	70.0395245367236	chr1_247950134_C_T
QTD000186_ENSG00000196071_L2	1	247096127	248945104	23.2760593417154	chr1_247939716_G_A
QTD000186_ENSG00000196071_L3	1	247096127	248945104	8.65418124231574	chr1_248399726_T_C
QTD000186_ENSG00000196418_L1	1	246172486	248171915	43.2087119354232	chr1_247123967_T_C
QTD000186_ENSG00000197747_L1	1	150996363	152993771	12.5457772237142	chr1_151907285_G_A
QTD000186_ENSG00000198128_L1	1	247046840	248945104	33.01754509097	chr1_247950134_C_T
QTD000186_ENSG00000198128_L2	1	247046840	248945104	18.0340427771934	chr1_247939716_G_A
QTD000186_ENSG00000198468_L1	1	211858283	213857758	227.648384402525	chr1_212865246_A_G
QTD000186_ENSG00000198756_L1	1	183037776	185037060	17.0355510270503	chr1_183966697_A_G
QTD000186_ENSG00000198912_L1	1	2900856	4900034	20.4661092955742	chr1_3891607_T_C
QTD000186_ENSG00000203666_L1	1	243969702	245968729	59.2884426453296	chr1_244970360_G_C
QTD000186_ENSG00000203697_L1	1	222666496	224663278	15.0921856175712	chr1_223876814_G_A
QTD000186_ENSG00000204219_L1	1	22425711	24424707	22.338938963785	chr1_23424647_G_T
QTD000186_ENSG00000204219_L2	1	22425711	24424707	7.29908764263987	chr1_23371627_C_G
QTD000186_ENSG00000215845_L1	1	160039331	162038938	52.2314377151834	chr1_161043331_C_T
QTD000186_ENSG00000215845_L2	1	160039331	162038938	19.0925581981152	chr1_161083983_T_C
QTD000186_ENSG00000215915_L1	1	502653	2449408	36.8865895462407	chr1_1440430_C_G
QTD000186_ENSG00000219481_L1	1	15614180	17612878	15.4995161176747	chr1_16577626_T_G
QTD000186_ENSG00000219481_L2	1	15614180	17612878	8.28335826581193	chr1_17120816_T_C
QTD000186_ENSG00000221571_L1	1	219825761	221824262	16.7048887439751	chr1_220822945_G_T
QTD000186_ENSG00000221953_L1	1	246112436	248112239	40.3462538937809	chr1_247110546_C_T
QTD000186_ENSG00000223745_L1	1	92346280	94345854	93.0568290688008	chr1_93294077_C_T
QTD000186_ENSG00000224481_L1	1	147296089	149268135	19.382503144275	chr1_148434821_T_A
QTD000186_ENSG00000224525_L1	1	241204421	243203503	69.8089820141446	chr1_242147130_T_G
QTD000186_ENSG00000224687_L1	1	177096297	179093807	9.59975915823486	chr1_178399842_C_T
QTD000186_ENSG00000224687_L2	1	177096297	179093807	8.2212080296849	chr1_178154123_A_G
QTD000186_ENSG00000224939_L1	1	233629415	235628776	26.0996166865509	chr1_234632166_G_T
QTD000186_ENSG00000225265_L1	1	221590818	223558353	32.0811062354295	chr1_222552508_T_C
QTD000186_ENSG00000225880_L1	1	14677	1825898	17.1341308901326	chr1_817514_T_C
QTD000186_ENSG00000226067_L1	1	119913769	121908629	58.5298602003695	chr1_120371907_A_C
QTD000186_ENSG00000227066_L1	1	19154335	21151447	51.967788791134	chr1_20172459_C_G
QTD000186_ENSG00000227533_L1	1	41959825	43959042	24.2326363446364	chr1_42947982_A_G
QTD000186_ENSG00000227733_L1	1	147255191	149250361	22.2096506457788	chr1_148246009_C_T
QTD000186_ENSG00000227764_L1	1	210639508	212638605	30.8740276573877	chr1_211638819_T_C
QTD000186_ENSG00000227764_L2	1	210639508	212638605	10.9606046340959	chr1_212582872_T_C
QTD000186_ENSG00000229901_L1	1	40376099	42372249	15.9646413896473	chr1_41383668_A_C
QTD000186_ENSG00000231050_L1	1	891873	2890916	38.2498599461971	chr1_1938771_G_A
QTD000186_ENSG00000231365_L1	1	118140398	120140270	47.4656568621768	chr1_119152260_G_A
QTD000186_ENSG00000231613_L1	1	88789356	90788883	37.4692223593375	chr1_89762090_G_A
QTD000186_ENSG00000231613_L2	1	88789356	90788883	5.35486495177099	chr1_89607329_C_T
QTD000186_ENSG00000231663_L1	1	233373702	235373604	29.2907747877596	chr1_234373210_A_C
QTD000186_ENSG00000233184_L1	1	100025919	102025810	25.9019203982743	chr1_101063462_A_G
QTD000186_ENSG00000233396_L1	1	145064756	147052532	17.4584181550245	chr1_146001812_T_C
QTD000186_ENSG00000233621_L1	1	36474973	38474398	22.2651819279517	chr1_37474398_G_A
QTD000186_ENSG00000234318_L1	1	61896019	63895926	19.036686391111	chr1_62827199_C_G
QTD000186_ENSG00000235098_L1	1	502653	2421677	26.399759022052	chr1_1409623_T_C
QTD000186_ENSG00000236206_L1	1	164598409	166597219	21.6843555535097	chr1_165591181_C_T
QTD000186_ENSG00000236915_L1	1	85696416	87695644	36.0220566464531	chr1_86611374_G_A
QTD000186_ENSG00000236915_L2	1	85696416	87695644	27.5773323663644	chr1_86703435_T_C
QTD000186_ENSG00000236975_L1	1	228206178	230205046	37.0066262074804	chr1_229252065_G_A
QTD000186_ENSG00000236975_L2	1	228206178	230205046	6.93772557281696	chr1_230121827_C_T
QTD000186_ENSG00000237975_L1	1	151168596	153168056	127.483790123274	chr1_152193402_C_T
QTD000186_ENSG00000237975_L2	1	151168596	153168056	23.750054881924	chr1_152189172_T_G
QTD000186_ENSG00000237975_L3	1	151168596	153168056	17.8101491556879	chr1_152231007_T_C
QTD000186_ENSG00000238078_L1	1	219829304	221829113	36.1129534256088	chr1_220866829_T_G
QTD000186_ENSG00000238142_L1	1	15889983	17888745	24.2780985157836	chr1_16446146_C_T
QTD000186_ENSG00000238142_L2	1	15889983	17888745	14.7262320127478	chr1_16954041_G_A
QTD000186_ENSG00000238142_L3	1	15889983	17888745	7.69429288337609	chr1_16905756_C_G
QTD000186_ENSG00000238142_L4	1	15889983	17888745	7.80535320574131	chr1_16551163_C_T
QTD000186_ENSG00000238287_L1	1	39509508	41508587	49.8695246414421	chr1_40488253_G_A
QTD000186_ENSG00000238290_L1	1	7027679	9025665	19.0376308178919	chr1_8032946_T_TA
QTD000186_ENSG00000244414_L1	1	195819775	197819432	14.9302970380834	chr1_196846985_C_T
QTD000186_ENSG00000248333_L1	1	660993	2657759	15.1925891793649	chr1_1688409_C_G
QTD000186_ENSG00000260088_L1	1	199669864	201669472	98.6125536135569	chr1_200669534_G_A
QTD000186_ENSG00000260088_L2	1	199669864	201669472	14.5846295626588	chr1_200686144_C_T
QTD000186_ENSG00000260246_L1	1	108695523	110693586	16.6498935307306	chr1_109725229_A_T
QTD000186_ENSG00000268043_L1	1	145938836	147938403	17.6317645167221	chr1_146949974_C_T
QTD000186_ENSG00000268575_L1	1	738332	2700309	44.6457412204717	chr1_1742672_C_T
QTD000186_ENSG00000269621_L1	1	150755556	152755327	18.2114828187075	chr1_151726317_C_G
QTD000186_ENSG00000269713_L1	1	148103597	150102876	22.444955311919	chr1_148989719_T_C
QTD000186_ENSG00000269713_L2	1	148103597	150102876	10.4708255418827	chr1_149206551_G_C
QTD000186_ENSG00000270171_L1	1	6695038	8693158	49.8152852362811	chr1_7710841_C_T
QTD000186_ENSG00000270605_L1	1	27242047	29240900	161.437245799251	chr1_28247196_A_AG
QTD000186_ENSG00000272145_L1	1	39692702	41689341	16.9550014017935	chr1_40669947_A_G
QTD000186_ENSG00000272195_L1	1	243971835	245971053	114.868711529627	chr1_244970812_A_C
QTD000186_ENSG00000272491_L1	1	47230909	49229451	23.456247597354	chr1_48270601_T_C
QTD000186_ENSG00000272512_L1	1	14677	1998049	25.6276300706203	chr1_998410_G_A
QTD000186_ENSG00000272668_L1	1	158855461	160854806	164.635204645287	chr1_159856126_C_T
QTD000186_ENSG00000272668_L2	1	158855461	160854806	9.91110706557074	chr1_160612169_T_C
QTD000186_ENSG00000272750_L1	1	221661540	223661507	50.6963396743566	chr1_222649657_A_G
QTD000186_ENSG00000272755_L1	1	148264806	150263708	41.8983630769963	chr1_149050365_G_A
QTD000186_ENSG00000272755_L2	1	148264806	150263708	23.5006694238112	chr1_148844309_G_A
QTD000186_ENSG00000272823_L1	1	219829304	221829113	25.5280687307233	chr1_220866829_T_G
QTD000186_ENSG00000272864_L1	1	73699679	75699297	28.4466633231796	chr1_74705527_G_A
QTD000186_ENSG00000272864_L2	1	73699679	75699297	20.8233521356081	chr1_74733615_C_G
QTD000186_ENSG00000272865_L1	1	241147902	243146656	126.5126908254	chr1_242147130_T_G
QTD000186_ENSG00000273136_L1	1	119724280	121640492	88.6123960051197	chr1_120344306_C_T
QTD000186_ENSG00000273136_L2	1	119724280	121640492	5.96346192782001	chr1_120919477_G_T
QTD000186_ENSG00000273416_L1	1	234104719	236104574	17.5198220288312	chr1_234948581_G_A
QTD000186_ENSG00000273483_L1	1	111518491	113515727	20.4269004906325	chr1_112519337_G_C
QTD000186_ENSG00000274265_L1	1	148177979	150175740	29.5570202218423	chr1_148988155_G_A
QTD000186_ENSG00000275557_L1	1	148608334	150607202	21.4116972156449	chr1_149636244_G_A
QTD000186_ENSG00000275678_L1	1	66124065	68123599	14.6298234147773	chr1_66981367_C_G
QTD000186_ENSG00000275678_L2	1	66124065	68123599	6.03662840386491	chr1_67135449_G_T
QTD000186_ENSG00000277462_L1	1	246078938	248078209	25.928849913028	chr1_247077561_T_C
QTD000186_ENSG00000284650_L1	1	36133535	38132914	54.0702155675035	chr1_37135913_T_C
QTD000186_ENSG00000284650_L2	1	36133535	38132914	7.32837282481794	chr1_37023197_T_C
QTD000186_ENSG00000285184_L1	1	149067901	151067133	15.322737934814	chr1_150158787_G_GC
QTD000186_ENSG00000285646_L1	1	10908051	12907910	26.4660002004752	chr1_11908438_T_TG
QTD000186_ENSG00000285646_L2	1	10908051	12907910	16.4505186759418	chr1_11916174_G_A
QTD000186_ENSG00000285847_L1	1	183672221	185671853	56.2898661480107	chr1_184664583_G_C
QTD000186_ENSG00000286378_L1	1	183664355	185663636	22.0808429632286	chr1_184680900_A_C
QTD000186_ENSG00000286619_L1	1	204813419	206813200	365.757885467114	chr1_205813590_A_G
QTD000186_ENSG00000287978_L1	1	145393351	147386718	73.2286710291256	chr1_146399495_A_T
QTD000186_ENSG00000287979_L1	1	119851705	121841058	47.1416228176005	chr1_120342042_A_G
QTD000186_ENSG00000288007_L1	1	211559558	213558871	19.8376511422195	chr1_212558762_T_TCGCCTCGGTAAGCGCCCGCGTTCCAG
QTD000186_ENSG00000289614_L1	1	148177979	150176790	34.7858418437151	chr1_149081653_A_T
